"@timestamp",message
"Apr 13, 2026 @ 23:43:50.219","2026-04-13 15:43:49.463 DEBUG 1 --- [621825994197491] cn.reliablesense.mid.service.UdpService  : 待解析的AP数据(9848747a17b0): 20个标签"
"Apr 13, 2026 @ 23:43:40.218","2026-04-13 15:43:39.309 DEBUG 1 --- [621825994197491] cn.reliablesense.mid.service.UdpService  : 待解析的AP数据(9848747a17b0): 17个标签"
"Apr 13, 2026 @ 23:43:30.221","2026-04-13 15:43:29.309 DEBUG 1 --- [621825998353632] cn.reliablesense.mid.service.UdpService  : 待解析的AP数据(9848747a17b0): 19个标签"
"Apr 13, 2026 @ 23:43:20.230","2026-04-13 15:43:19.510 DEBUG 1 --- [621825997692102] cn.reliablesense.mid.service.UdpService  : 待解析的AP数据(9848747a17b0): 18个标签"
"Apr 13, 2026 @ 23:43:10.227","2026-04-13 15:43:09.314 DEBUG 1 --- [621825994197491] cn.reliablesense.mid.service.UdpService  : 待解析的AP数据(9848747a17b0): 17个标签"
"Apr 13, 2026 @ 23:43:00.216","2026-04-13 15:42:59.339 DEBUG 1 --- [621825994197491] cn.reliablesense.mid.service.UdpService  : 待解析的AP数据(9848747a17b0): 19个标签"
"Apr 13, 2026 @ 23:42:40.212","2026-04-13 15:42:39.354 DEBUG 1 --- [621825998353632] cn.reliablesense.mid.service.UdpService  : 待解析的AP数据(9848747a17b0): 19个标签"
"Apr 13, 2026 @ 23:42:30.223","2026-04-13 15:42:29.289 DEBUG 1 --- [621825998353632] cn.reliablesense.mid.service.UdpService  : 待解析的AP数据(9848747a17b0): 20个标签"
"Apr 13, 2026 @ 23:42:20.218","2026-04-13 15:42:19.549 DEBUG 1 --- [621825997692102] cn.reliablesense.mid.service.UdpService  : 待解析的AP数据(9848747a17b0): 15个标签"
"Apr 13, 2026 @ 23:42:10.212","2026-04-13 15:42:09.302 DEBUG 1 --- [621825994197491] cn.reliablesense.mid.service.UdpService  : 待解析的AP数据(9848747a17b0): 20个标签"
"Apr 13, 2026 @ 23:41:30.216","2026-04-13 15:41:29.310 DEBUG 1 --- [621825997692102] cn.reliablesense.mid.service.UdpService  : 待解析的AP数据(9848747a17b0): 17个标签"
"Apr 13, 2026 @ 23:41:20.222","2026-04-13 15:41:19.316 DEBUG 1 --- [621825998353632] cn.reliablesense.mid.service.UdpService  : 待解析的AP数据(9848747a17b0): 16个标签"
"Apr 13, 2026 @ 23:41:10.212","2026-04-13 15:41:09.297 DEBUG 1 --- [621825998353632] cn.reliablesense.mid.service.UdpService  : 待解析的AP数据(9848747a17b0): 19个标签"
"Apr 13, 2026 @ 23:41:00.215","2026-04-13 15:40:59.287 DEBUG 1 --- [621825997385265] cn.reliablesense.mid.service.UdpService  : 待解析的AP数据(9848747a17b0): 17个标签"
"Apr 13, 2026 @ 23:40:40.213","2026-04-13 15:40:39.290 DEBUG 1 --- [621825997385265] cn.reliablesense.mid.service.UdpService  : 待解析的AP数据(9848747a17b0): 19个标签"
"Apr 13, 2026 @ 23:40:00.219","2026-04-13 15:39:59.296 DEBUG 1 --- [621825997385265] cn.reliablesense.mid.service.UdpService  : 待解析的AP数据(9848747a17b0): 20个标签"
"Apr 13, 2026 @ 23:39:50.223","2026-04-13 15:39:49.602 DEBUG 1 --- [621825997385265] cn.reliablesense.mid.service.UdpService  : 待解析的AP数据(9848747a17b0): 17个标签"
"Apr 13, 2026 @ 23:39:40.215","2026-04-13 15:39:39.275 DEBUG 1 --- [621825998353632] cn.reliablesense.mid.service.UdpService  : 待解析的AP数据(9848747a17b0): 15个标签"
"Apr 13, 2026 @ 23:39:20.214","2026-04-13 15:39:19.646 DEBUG 1 --- [621825998353632] cn.reliablesense.mid.service.UdpService  : 待解析的AP数据(9848747a17b0): 15个标签"
"Apr 13, 2026 @ 23:38:40.217","2026-04-13 15:38:39.258 DEBUG 1 --- [621825998353632] cn.reliablesense.mid.service.UdpService  : 待解析的AP数据(9848747a17b0): 21个标签"
"Apr 13, 2026 @ 23:37:30.215","2026-04-13 15:37:29.256 DEBUG 1 --- [621825997385265] cn.reliablesense.mid.service.UdpService  : 待解析的AP数据(9848747a17b0): 17个标签"
"Apr 13, 2026 @ 23:37:10.212","2026-04-13 15:37:09.239 DEBUG 1 --- [621825998353632] cn.reliablesense.mid.service.UdpService  : 待解析的AP数据(9848747a17b0): 18个标签"
"Apr 13, 2026 @ 23:36:50.215","2026-04-13 15:36:49.620 DEBUG 1 --- [621825998353632] cn.reliablesense.mid.service.UdpService  : 待解析的AP数据(9848747a17b0): 20个标签"
"Apr 13, 2026 @ 23:36:40.211","2026-04-13 15:36:39.249 DEBUG 1 --- [621825998353632] cn.reliablesense.mid.service.UdpService  : 待解析的AP数据(9848747a17b0): 17个标签"
"Apr 13, 2026 @ 23:36:30.214","2026-04-13 15:36:29.273 DEBUG 1 --- [621825994197491] cn.reliablesense.mid.service.UdpService  : 待解析的AP数据(9848747a17b0): 18个标签"
"Apr 13, 2026 @ 23:36:20.217","2026-04-13 15:36:19.613 DEBUG 1 --- [621825997385265] cn.reliablesense.mid.service.UdpService  : 待解析的AP数据(9848747a17b0): 17个标签"
"Apr 13, 2026 @ 23:36:10.215","2026-04-13 15:36:09.264 DEBUG 1 --- [621825997385265] cn.reliablesense.mid.service.UdpService  : 待解析的AP数据(9848747a17b0): 19个标签"
"Apr 13, 2026 @ 23:36:00.217","2026-04-13 15:35:59.287 DEBUG 1 --- [621825997385265] cn.reliablesense.mid.service.UdpService  : 待解析的AP数据(9848747a17b0): 16个标签"
"Apr 13, 2026 @ 23:35:50.212","2026-04-13 15:35:49.665 DEBUG 1 --- [621825997385265] cn.reliablesense.mid.service.UdpService  : 待解析的AP数据(9848747a17b0): 17个标签"
"Apr 13, 2026 @ 23:35:40.210","2026-04-13 15:35:39.230 DEBUG 1 --- [621825997692102] cn.reliablesense.mid.service.UdpService  : 待解析的AP数据(9848747a17b0): 20个标签"
"Apr 13, 2026 @ 23:35:30.217","2026-04-13 15:35:29.273 DEBUG 1 --- [621825998353632] cn.reliablesense.mid.service.UdpService  : 待解析的AP数据(9848747a17b0): 18个标签"
"Apr 13, 2026 @ 23:35:20.220","2026-04-13 15:35:19.610 DEBUG 1 --- [621825997692102] cn.reliablesense.mid.service.UdpService  : 待解析的AP数据(9848747a17b0): 18个标签"
"Apr 13, 2026 @ 23:35:10.213","2026-04-13 15:35:09.253 DEBUG 1 --- [621825994197491] cn.reliablesense.mid.service.UdpService  : 待解析的AP数据(9848747a17b0): 20个标签"
"Apr 13, 2026 @ 23:35:00.213","2026-04-13 15:34:59.225 DEBUG 1 --- [621825997692102] cn.reliablesense.mid.service.UdpService  : 待解析的AP数据(9848747a17b0): 17个标签"
"Apr 13, 2026 @ 23:34:50.217","2026-04-13 15:34:49.389 DEBUG 1 --- [621825994197491] cn.reliablesense.mid.service.UdpService  : 待解析的AP数据(9848747a17b0): 19个标签"
"Apr 13, 2026 @ 23:34:40.212","2026-04-13 15:34:39.243 DEBUG 1 --- [621825998353632] cn.reliablesense.mid.service.UdpService  : 待解析的AP数据(9848747a17b0): 19个标签"
"Apr 13, 2026 @ 23:34:30.215","2026-04-13 15:34:29.219 DEBUG 1 --- [621825994197491] cn.reliablesense.mid.service.UdpService  : 待解析的AP数据(9848747a17b0): 18个标签"
"Apr 13, 2026 @ 23:34:20.223","2026-04-13 15:34:19.634 DEBUG 1 --- [621825998353632] cn.reliablesense.mid.service.UdpService  : 待解析的AP数据(9848747a17b0): 18个标签"
"Apr 13, 2026 @ 23:34:10.108","2026-04-13 15:34:09.252 DEBUG 1 --- [621825998353632] cn.reliablesense.mid.service.UdpService  : 待解析的AP数据(9848747a17b0): 17个标签"
"Apr 13, 2026 @ 23:34:00.111","2026-04-13 15:33:59.253 DEBUG 1 --- [621825994197491] cn.reliablesense.mid.service.UdpService  : 待解析的AP数据(9848747a17b0): 19个标签"
"Apr 13, 2026 @ 23:33:50.109","2026-04-13 15:33:49.397 DEBUG 1 --- [621825998353632] cn.reliablesense.mid.service.UdpService  : 待解析的AP数据(9848747a17b0): 21个标签"
"Apr 13, 2026 @ 23:33:40.110","2026-04-13 15:33:39.258 DEBUG 1 --- [621825997692102] cn.reliablesense.mid.service.UdpService  : 待解析的AP数据(9848747a17b0): 19个标签"
"Apr 13, 2026 @ 23:33:20.114","2026-04-13 15:33:19.316 DEBUG 1 --- [621825998353632] cn.reliablesense.mid.service.UdpService  : 待解析的AP数据(9848747a17b0): 20个标签"
"Apr 13, 2026 @ 23:33:10.110","2026-04-13 15:33:09.250 DEBUG 1 --- [621825994197491] cn.reliablesense.mid.service.UdpService  : 待解析的AP数据(9848747a17b0): 17个标签"
"Apr 13, 2026 @ 23:33:00.109","2026-04-13 15:32:59.251 DEBUG 1 --- [621825997692102] cn.reliablesense.mid.service.UdpService  : 待解析的AP数据(9848747a17b0): 18个标签"
"Apr 13, 2026 @ 23:32:50.114","2026-04-13 15:32:49.631 DEBUG 1 --- [621825994197491] cn.reliablesense.mid.service.UdpService  : 待解析的AP数据(9848747a17b0): 20个标签"
"Apr 13, 2026 @ 23:32:40.101","2026-04-13 15:32:39.213 DEBUG 1 --- [621825997385265] cn.reliablesense.mid.service.UdpService  : 待解析的AP数据(9848747a17b0): 17个标签"
"Apr 13, 2026 @ 23:32:30.108","2026-04-13 15:32:29.240 DEBUG 1 --- [621825998353632] cn.reliablesense.mid.service.UdpService  : 待解析的AP数据(9848747a17b0): 22个标签"
"Apr 13, 2026 @ 23:32:20.106","2026-04-13 15:32:19.394 DEBUG 1 --- [621825997385265] cn.reliablesense.mid.service.UdpService  : 待解析的AP数据(9848747a17b0): 19个标签"
"Apr 13, 2026 @ 23:32:10.106","2026-04-13 15:32:09.242 DEBUG 1 --- [621825997385265] cn.reliablesense.mid.service.UdpService  : 待解析的AP数据(9848747a17b0): 19个标签"
"Apr 13, 2026 @ 23:32:00.109","2026-04-13 15:31:59.208 DEBUG 1 --- [621825998353632] cn.reliablesense.mid.service.UdpService  : 待解析的AP数据(9848747a17b0): 21个标签"
"Apr 13, 2026 @ 23:31:50.113","2026-04-13 15:31:49.621 DEBUG 1 --- [621825994197491] cn.reliablesense.mid.service.UdpService  : 待解析的AP数据(9848747a17b0): 23个标签"
"Apr 13, 2026 @ 23:31:40.107","2026-04-13 15:31:39.219 DEBUG 1 --- [621825998353632] cn.reliablesense.mid.service.UdpService  : 待解析的AP数据(9848747a17b0): 20个标签"
"Apr 13, 2026 @ 23:31:30.114","2026-04-13 15:31:29.226 DEBUG 1 --- [621825994197491] cn.reliablesense.mid.service.UdpService  : 待解析的AP数据(9848747a17b0): 24个标签"
"Apr 13, 2026 @ 23:31:20.106","2026-04-13 15:31:19.606 DEBUG 1 --- [621825997692102] cn.reliablesense.mid.service.UdpService  : 待解析的AP数据(9848747a17b0): 20个标签"
"Apr 13, 2026 @ 23:31:10.109","2026-04-13 15:31:09.242 DEBUG 1 --- [621825994197491] cn.reliablesense.mid.service.UdpService  : 待解析的AP数据(9848747a17b0): 20个标签"
"Apr 13, 2026 @ 23:31:00.107","2026-04-13 15:30:59.217 DEBUG 1 --- [621825998353632] cn.reliablesense.mid.service.UdpService  : 待解析的AP数据(9848747a17b0): 25个标签"
"Apr 13, 2026 @ 23:30:50.104","2026-04-13 15:30:49.608 DEBUG 1 --- [621825997385265] cn.reliablesense.mid.service.UdpService  : 待解析的AP数据(9848747a17b0): 21个标签"
"Apr 13, 2026 @ 23:30:40.110","2026-04-13 15:30:39.252 DEBUG 1 --- [621825997385265] cn.reliablesense.mid.service.UdpService  : 待解析的AP数据(9848747a17b0): 25个标签"
"Apr 13, 2026 @ 23:30:30.105","2026-04-13 15:30:29.208 DEBUG 1 --- [621825994197491] cn.reliablesense.mid.service.UdpService  : 待解析的AP数据(9848747a17b0): 22个标签"
"Apr 13, 2026 @ 23:30:20.110","2026-04-13 15:30:19.606 DEBUG 1 --- [621825998353632] cn.reliablesense.mid.service.UdpService  : 待解析的AP数据(9848747a17b0): 25个标签"
"Apr 13, 2026 @ 23:30:10.103","2026-04-13 15:30:09.208 DEBUG 1 --- [621825997385265] cn.reliablesense.mid.service.UdpService  : 待解析的AP数据(9848747a17b0): 24个标签"
"Apr 13, 2026 @ 23:30:00.109","2026-04-13 15:29:59.219 DEBUG 1 --- [621825997385265] cn.reliablesense.mid.service.UdpService  : 待解析的AP数据(9848747a17b0): 24个标签"
"Apr 13, 2026 @ 23:29:50.106","2026-04-13 15:29:49.665 DEBUG 1 --- [621825998353632] cn.reliablesense.mid.service.UdpService  : 待解析的AP数据(9848747a17b0): 27个标签"
"Apr 13, 2026 @ 23:29:40.104","2026-04-13 15:29:39.212 DEBUG 1 --- [621825997385265] cn.reliablesense.mid.service.UdpService  : 待解析的AP数据(9848747a17b0): 23个标签"
"Apr 13, 2026 @ 23:29:30.111","2026-04-13 15:29:29.217 DEBUG 1 --- [621825997692102] cn.reliablesense.mid.service.UdpService  : 待解析的AP数据(9848747a17b0): 23个标签"
"Apr 13, 2026 @ 23:29:20.113","2026-04-13 15:29:19.363 DEBUG 1 --- [621825997385265] cn.reliablesense.mid.service.UdpService  : 待解析的AP数据(9848747a17b0): 21个标签"
"Apr 13, 2026 @ 23:29:10.106","2026-04-13 15:29:09.195 DEBUG 1 --- [621825998353632] cn.reliablesense.mid.service.UdpService  : 待解析的AP数据(9848747a17b0): 24个标签"
"Apr 13, 2026 @ 23:28:50.109","2026-04-13 15:28:49.491 DEBUG 1 --- [621825994197491] cn.reliablesense.mid.service.UdpService  : 待解析的AP数据(9848747a17b0): 20个标签"
"Apr 13, 2026 @ 23:28:30.111","2026-04-13 15:28:29.224 DEBUG 1 --- [621825998353632] cn.reliablesense.mid.service.UdpService  : 待解析的AP数据(9848747a17b0): 19个标签"
"Apr 13, 2026 @ 23:28:20.106","2026-04-13 15:28:19.374 DEBUG 1 --- [621825997692102] cn.reliablesense.mid.service.UdpService  : 待解析的AP数据(9848747a17b0): 18个标签"
"Apr 13, 2026 @ 23:28:10.108","2026-04-13 15:28:09.182 DEBUG 1 --- [621825997385265] cn.reliablesense.mid.service.UdpService  : 待解析的AP数据(9848747a17b0): 21个标签"
"Apr 13, 2026 @ 23:28:00.110","2026-04-13 15:27:59.223 DEBUG 1 --- [621825997385265] cn.reliablesense.mid.service.UdpService  : 待解析的AP数据(9848747a17b0): 20个标签"
"Apr 13, 2026 @ 23:27:50.114","2026-04-13 15:27:49.483 DEBUG 1 --- [621825998353632] cn.reliablesense.mid.service.UdpService  : 待解析的AP数据(9848747a17b0): 19个标签"
"Apr 13, 2026 @ 23:27:39.217","2026-04-13 15:27:39.178 DEBUG 1 --- [621825998353632] cn.reliablesense.mid.service.UdpService  : 待解析的AP数据(9848747a17b0): 19个标签"
"Apr 13, 2026 @ 23:27:20.110","2026-04-13 15:27:19.476 DEBUG 1 --- [621825998353632] cn.reliablesense.mid.service.UdpService  : 待解析的AP数据(9848747a17b0): 20个标签"
"Apr 13, 2026 @ 23:27:10.113","2026-04-13 15:27:09.200 DEBUG 1 --- [621825997692102] cn.reliablesense.mid.service.UdpService  : 待解析的AP数据(9848747a17b0): 23个标签"
"Apr 13, 2026 @ 23:27:00.118","2026-04-13 15:26:59.182 DEBUG 1 --- [621825998353632] cn.reliablesense.mid.service.UdpService  : 待解析的AP数据(9848747a17b0): 19个标签"
"Apr 13, 2026 @ 23:26:50.110","2026-04-13 15:26:49.453 DEBUG 1 --- [621825994197491] cn.reliablesense.mid.service.UdpService  : 待解析的AP数据(9848747a17b0): 20个标签"
"Apr 13, 2026 @ 23:26:40.109","2026-04-13 15:26:39.183 DEBUG 1 --- [621825998353632] cn.reliablesense.mid.service.UdpService  : 待解析的AP数据(9848747a17b0): 21个标签"
"Apr 13, 2026 @ 23:26:30.115","2026-04-13 15:26:29.190 DEBUG 1 --- [621825997385265] cn.reliablesense.mid.service.UdpService  : 待解析的AP数据(9848747a17b0): 21个标签"
"Apr 13, 2026 @ 23:26:20.109","2026-04-13 15:26:19.493 DEBUG 1 --- [621825994197491] cn.reliablesense.mid.service.UdpService  : 待解析的AP数据(9848747a17b0): 23个标签"
"Apr 13, 2026 @ 23:26:10.109","2026-04-13 15:26:09.192 DEBUG 1 --- [621825997385265] cn.reliablesense.mid.service.UdpService  : 待解析的AP数据(9848747a17b0): 21个标签"
"Apr 13, 2026 @ 23:26:00.113","2026-04-13 15:25:59.188 DEBUG 1 --- [621825997692102] cn.reliablesense.mid.service.UdpService  : 待解析的AP数据(9848747a17b0): 24个标签"
"Apr 13, 2026 @ 23:25:40.109","2026-04-13 15:25:39.142 DEBUG 1 --- [621825997692102] cn.reliablesense.mid.service.UdpService  : 待解析的AP数据(9848747a17b0): 21个标签"
"Apr 13, 2026 @ 23:25:30.113","2026-04-13 15:25:29.176 DEBUG 1 --- [621825994197491] cn.reliablesense.mid.service.UdpService  : 待解析的AP数据(9848747a17b0): 21个标签"
"Apr 13, 2026 @ 23:25:20.113","2026-04-13 15:25:19.244 DEBUG 1 --- [621825997692102] cn.reliablesense.mid.service.UdpService  : 待解析的AP数据(9848747a17b0): 21个标签"
"Apr 13, 2026 @ 23:25:10.102","2026-04-13 15:25:09.142 DEBUG 1 --- [621825994197491] cn.reliablesense.mid.service.UdpService  : 待解析的AP数据(9848747a17b0): 15个标签"
"Apr 13, 2026 @ 23:25:00.104","2026-04-13 15:24:59.151 DEBUG 1 --- [621825997385265] cn.reliablesense.mid.service.UdpService  : 待解析的AP数据(9848747a17b0): 17个标签"
"Apr 13, 2026 @ 23:24:50.107","2026-04-13 15:24:49.434 DEBUG 1 --- [621825994197491] cn.reliablesense.mid.service.UdpService  : 待解析的AP数据(9848747a17b0): 17个标签"
"Apr 13, 2026 @ 23:24:40.110","2026-04-13 15:24:39.173 DEBUG 1 --- [621825997692102] cn.reliablesense.mid.service.UdpService  : 待解析的AP数据(9848747a17b0): 20个标签"
"Apr 13, 2026 @ 23:24:30.106","2026-04-13 15:24:29.133 DEBUG 1 --- [621825994197491] cn.reliablesense.mid.service.UdpService  : 待解析的AP数据(9848747a17b0): 18个标签"
"Apr 13, 2026 @ 23:24:20.110","2026-04-13 15:24:19.436 DEBUG 1 --- [621825998353632] cn.reliablesense.mid.service.UdpService  : 待解析的AP数据(9848747a17b0): 15个标签"
